EMPLOYEE_ID,FIRST_NAME,LAST_NAME,EMAIL,PHONE_NUMBER,HIRE_DATE,JOB_ID,SALARY,COMMISSION_PCT,MANAGER_ID,DEPARTMENT_ID
147,Alberto,Errazuriz,AERRAZUR,011.44.1344.429278,10.03.2005,SA_MAN,12000,0.3,100,80
148,Gerald,Cambrault,GCAMBRAU,011.44.1344.619268,11.03.2005,SA_MAN,11000,0.3,100,80
149,Eleni,Zlotkey,EZLOTKEY,011.44.1344.429018,12.03.2005,SA_MAN,10500,0.2,100,80
150,Peter,Tucker,PTUCKER,011.44.1344.129268,13.03.2005,SA_REP,10000,0.3,145,80
151,David,Bernstein,DBERNSTE,011.44.1344.345268,14.03.2005,SA_REP,9500,0.25,145,80
152,Peter,Hall,PHALL,011.44.1344.478968,15.03.2005,SA_REP,9000,0.25,145,80
153,Christopher,Olsen,COLSEN,011.44.1344.498718,16.03.2005,SA_REP,8000,0.2,145,80
154,Nanette,Cambrault,NCAMBRAU,011.44.1344.987668,17.03.2005,SA_REP,7500,0.2,145,80
155,Oliver,Tuvault,OTUVAULT,011.44.1344.486508,18.03.2005,SA_REP,7000,0.15,145,80
156,Janette,King,JKING,011.44.1345.429268,19.03.2005,SA_REP,10000,0.35,146,80
157,Patrick,Sully,PSULLY,011.44.1345.929268,20.03.2005,SA_REP,9500,0.35,146,80
158,Allan,McEwen,AMCEWEN,011.44.1345.829268,21.03.2005,SA_REP,9000,0.35,146,80
159,Lindsey,Smith,LSMITH,011.44.1345.729268,22.03.2005,SA_REP,8000,0.3,146,80
160,Louise,Doran,LDORAN,011.44.1345.629268,23.03.2005,SA_REP,7500,0.3,146,80
161,Sarath,Sewall,SSEWALL,011.44.1345.529268,24.03.2005,SA_REP,7000,0.25,146,80
162,Clara,Vishney,CVISHNEY,011.44.1346.129268,25.03.2005,SA_REP,10500,0.25,147,80
163,Danielle,Greene,DGREENE,011.44.1346.229268,26.03.2005,SA_REP,9500,0.15,147,80
164,Mattea,Marvins,MMARVINS,011.44.1346.329268,27.03.2005,SA_REP,7200,0.1,147,80
165,David,Lee,DLEE,011.44.1346.529268,28.03.2005,SA_REP,6800,0.1,147,80
166,Sundar,Ande,SANDE,011.44.1346.629268,29.03.2005,SA_REP,6400,0.1,147,80
167,Amit,Banda,ABANDA,011.44.1346.729268,30.03.2005,SA_REP,6200,0.1,147,80
168,Lisa,Ozer,LOZER,011.44.1343.929268,31.03.2005,SA_REP,11500,0.25,148,80
169,Harrison,Bloom,HBLOOM,011.44.1343.829268,01.04.2005,SA_REP,10000,0.2,148,80
170,Tayler,Fox,TFOX,011.44.1343.729268,02.04.2005,SA_REP,9600,0.2,148,80
171,William,Smith,WSMITH,011.44.1343.629268,03.04.2005,SA_REP,7400,0.15,148,80
172,Elizabeth,Bates,EBATES,011.44.1343.529268,04.04.2005,SA_REP,7300,0.15,148,80
173,Sundita,Kumar,SKUMAR,011.44.1343.329268,05.04.2005,SA_REP,6100,0.1,148,80
174,Ellen,Abel,EABEL,011.44.1644.429267,06.04.2005,SA_REP,11000,0.3,149,80
175,Alyssa,Hutton,AHUTTON,011.44.1644.429266,07.04.2005,SA_REP,8800,0.25,149,80
176,Jonathon,Taylor,JTAYLOR,011.44.1644.429265,08.04.2005,SA_REP,8600,0.2,149,80
177,Jack,Livingston,JLIVINGS,011.44.1644.429264,09.04.2005,SA_REP,8400,0.2,149,80
178,Kimberely,Grant,KGRANT,011.44.1644.429263,10.04.2005,SA_REP,7000,0.15,149,
179,Charles,Johnson,CJOHNSON,011.44.1644.429262,11.04.2005,SA_REP,6200,0.1,149,80